word,count,probability
<UNK>,6048,0.06663655094148367
the,5295,0.05834003591851125
.,4692,0.05169621313119071
",",2949,0.0324919293529159
and,2593,0.028569539780302113
a,2246,0.024746311741827436
to,2091,0.023038529764987162
was,1828,0.02014080937847754
i,1712,0.018862727382906754
in,1259,0.013871596831238087
we,1116,0.012296030233249964
of,1049,0.01155782770132546
hotel,1033,0.011381540529522591
for,1026,0.011304414891858837
room,928,0.010224655964566278
it,890,0.00980597393153447
is,841,0.009266094467888189
at,745,0.008208371437070988
that,695,0.00765747402518703
<num>,678,0.007470168905146484
on,640,0.007051486872114675
not,638,0.007029450975639316
with,600,0.006610768942607508
this,594,0.006544661253181433
were,578,0.006368374081378566
had,539,0.005938674100109078
my,532,0.005861548462445324
!,520,0.005729333083593174
<s>,512,0.00564118949769174
</s>,512,0.00564118949769174
they,489,0.005387776688225119
but,483,0.005321668998799043
very,477,0.005255561309372969
our,463,0.00510131003404546
you,445,0.004902986965767235
have,437,0.004814843379865801
stay,406,0.004473286984497747
from,365,0.004021551106752901
would,363,0.003999515210277542
there,359,0.003955443417326825
great,352,0.003878317779663071
),351,0.003867299831425392
are,347,0.0038232280384746754
n't,336,0.0037020306078602043
chicago,327,0.0036028690737210916
(,323,0.003558797280770375
as,307,0.0033825101089675082
so,280,0.0030850255065501702
all,278,0.0030629896100748118
when,273,0.003007899868886416
be,270,0.0029748460241733783
staff,268,0.0029528101276980203
no,257,0.002831612697083549
did,256,0.00282059474884587
service,254,0.0027985588523705114
me,246,0.002710415266469078
stayed,232,0.0025561639911415696
one,228,0.002512092198190853
an,223,0.002457002457002457
us,218,0.002401912715814061
location,217,0.002390894767576382
-,215,0.0023688588711010235
's,214,0.0023578409228633443
...,212,0.0023358050263879862
$,209,0.0023027511816749485
rooms,201,0.002214607595773515
if,200,0.002203589647535836
night,199,0.0021925716992981566
out,196,0.0021595178545851194
just,191,0.002104428113396723
up,182,0.0020052665792576105
about,180,0.0019832306827822525
get,180,0.0019832306827822525
nice,178,0.001961194786306894
could,177,0.0019501768380692148
which,176,0.0019391588898315356
will,176,0.0019391588898315356
bed,173,0.001906105045118498
'',170,0.0018730512004054606
``,169,0.0018620332521677814
do,168,0.0018510153039301021
or,163,0.0017959255627417062
by,163,0.0017959255627417062
here,162,0.0017849076145040272
again,161,0.001773889666266348
good,161,0.001773889666266348
only,160,0.0017628717180286687
desk,159,0.0017518537697909895
even,149,0.0016416742874141978
time,148,0.0016306563391765185
like,144,0.0015865845462258018
also,143,0.0015755665979881226
floor,137,0.0015094589085620476
after,131,0.0014433512191359724
other,131,0.0014433512191359724
clean,129,0.0014213153226606142
bathroom,129,0.0014213153226606142
two,128,0.001410297374422935
back,128,0.001410297374422935
some,127,0.0013992794261852557
has,125,0.0013772435297098975
front,125,0.0013772435297098975
lobby,123,0.001355207633234539
got,122,0.00134418968499686
what,121,0.0013331717367591808
day,116,0.0012780819955707848
comfortable,113,0.0012450281508577473
been,112,0.001234010202620068
:,111,0.0012229922543823889
small,111,0.0012229922543823889
their,110,0.0012119743061447098
really,110,0.0012119743061447098
go,110,0.0012119743061447098
first,109,0.0012009563579070306
never,109,0.0012009563579070306
can,109,0.0012009563579070306
next,107,0.0011789204614316721
hotels,107,0.0011789204614316721
more,105,0.0011568845649563139
view,103,0.0011348486684809554
?,103,0.0011348486684809554
well,103,0.0011348486684809554
friendly,103,0.0011348486684809554
because,102,0.0011238307202432764
your,101,0.0011128127720055972
than,99,0.0010907768755302387
breakfast,98,0.0010797589272925597
called,98,0.0010797589272925597
helpful,95,0.001046705082579522
down,93,0.0010246691861041637
better,91,0.0010026332896288053
bar,91,0.0010026332896288053
place,90,0.0009916153413911263
free,89,0.000980597393153447
booked,86,0.0009475435484404094
made,86,0.0009475435484404094
much,85,0.0009365256002027303
he,84,0.0009255076519650511
--,83,0.0009144897037273719
michigan,82,0.0009034717554896927
check,81,0.0008924538072520136
people,80,0.0008814358590143343
nights,80,0.0008814358590143343
price,79,0.0008704179107766552
city,78,0.000859399962538976
then,77,0.0008483820143012969
told,77,0.0008483820143012969
over,76,0.0008373640660636176
beds,75,0.0008263461178259385
off,73,0.0008043102213505801
morning,72,0.0007932922731129009
everything,72,0.0007932922731129009
any,72,0.0007932922731129009
asked,72,0.0007932922731129009
experience,71,0.0007822743248752218
am,71,0.0007822743248752218
too,71,0.0007822743248752218
went,71,0.0007822743248752218
door,70,0.0007712563766375426
many,70,0.0007712563766375426
area,70,0.0007712563766375426
best,70,0.0007712563766375426
business,70,0.0007712563766375426
recommend,69,0.0007602384283998634
water,69,0.0007602384283998634
large,68,0.0007492204801621842
walk,68,0.0007492204801621842
beautiful,68,0.0007492204801621842
take,68,0.0007492204801621842
while,68,0.0007492204801621842
she,68,0.0007492204801621842
them,67,0.0007382025319245051
restaurant,67,0.0007382025319245051
<num>th,66,0.0007271845836868258
before,66,0.0007271845836868258
close,65,0.0007161666354491467
weekend,64,0.0007051486872114675
reservation,64,0.0007051486872114675
right,63,0.0006941307389737884
coffee,63,0.0006941307389737884
found,63,0.0006941307389737884
arrived,63,0.0006941307389737884
suite,63,0.0006941307389737884
call,63,0.0006941307389737884
being,63,0.0006941307389737884
say,62,0.0006831127907361091
its,62,0.0006831127907361091
another,62,0.0006831127907361091
wonderful,61,0.00067209484249843
said,61,0.00067209484249843
excellent,61,0.00067209484249843
street,61,0.00067209484249843
who,60,0.0006610768942607508
every,59,0.0006500589460230716
food,59,0.0006500589460230716
staying,58,0.0006390409977853924
way,57,0.0006280230495477133
trip,57,0.0006280230495477133
shower,57,0.0006280230495477133
phone,57,0.0006280230495477133
find,57,0.0006280230495477133
;,57,0.0006280230495477133
old,57,0.0006280230495477133
shopping,56,0.000617005101310034
away,56,0.000617005101310034
work,55,0.0006059871530723549
've,55,0.0006059871530723549
internet,55,0.0006059871530723549
where,55,0.0006059871530723549
came,55,0.0006059871530723549
parking,54,0.0005949692048346757
checked,54,0.0005949692048346757
though,54,0.0005949692048346757
guests,53,0.0005839512565969966
definitely,53,0.0005839512565969966
think,52,0.0005729333083593173
rate,52,0.0005729333083593173
last,52,0.0005729333083593173
quite,51,0.0005619153601216382
little,51,0.0005619153601216382
most,50,0.000550897411883959
concierge,50,0.000550897411883959
reviews,50,0.000550897411883959
star,50,0.000550897411883959
want,50,0.000550897411883959
still,49,0.0005398794636462798
few,49,0.0005398794636462798
hilton,49,0.0005398794636462798
took,49,0.0005398794636462798
minutes,48,0.0005288615154086006
going,48,0.0005288615154086006
during,48,0.0005288615154086006
&,47,0.0005178435671709215
pool,47,0.0005178435671709215
hard,47,0.0005178435671709215
around,47,0.0005178435671709215
mile,47,0.0005178435671709215
left,47,0.0005178435671709215
use,46,0.0005068256189332423
charge,46,0.0005068256189332423
need,46,0.0005068256189332423
restaurants,45,0.0004958076706955631
bad,45,0.0004958076706955631
nothing,45,0.0004958076706955631
see,45,0.0004958076706955631
loved,45,0.0004958076706955631
days,45,0.0004958076706955631
gave,44,0.0004847897224578839
downtown,44,0.0004847897224578839
paid,44,0.0004847897224578839
open,44,0.0004847897224578839
king,44,0.0004847897224578839
feel,44,0.0004847897224578839
river,43,0.0004737717742202047
walking,43,0.0004737717742202047
through,43,0.0004737717742202047
times,43,0.0004737717742202047
several,43,0.0004737717742202047
into,43,0.0004737717742202047
looking,43,0.0004737717742202047
quiet,42,0.00046275382598252553
now,42,0.00046275382598252553
tv,42,0.00046275382598252553
deal,42,0.00046275382598252553
new,42,0.00046275382598252553
manager,42,0.00046275382598252553
big,42,0.00046275382598252553
always,41,0.00045173587774484635
her,41,0.00045173587774484635
worth,41,0.00045173587774484635
bit,41,0.00045173587774484635
both,41,0.00045173587774484635
make,41,0.00045173587774484635
top,40,0.0004407179295071672
check-in,40,0.0004407179295071672
enough,40,0.0004407179295071672
since,40,0.0004407179295071672
extremely,40,0.0004407179295071672
guest,40,0.0004407179295071672
know,40,0.0004407179295071672
long,39,0.000429699981269488
perfect,39,0.000429699981269488
etc,39,0.000429699981269488
<num>.<num>,39,0.000429699981269488
car,39,0.000429699981269488
finally,39,0.000429699981269488
wife,39,0.000429699981269488
such,38,0.0004186820330318088
thing,38,0.0004186820330318088
put,38,0.0004186820330318088
second,38,0.0004186820330318088
upon,38,0.0004186820330318088
however,38,0.0004186820330318088
problem,38,0.0004186820330318088
conference,38,0.0004186820330318088
park,38,0.0004186820330318088
spacious,38,0.0004186820330318088
ever,38,0.0004186820330318088
same,38,0.0004186820330318088
able,38,0.0004186820330318088
how,37,0.00040766408479412964
customer,37,0.00040766408479412964
hour,37,0.00040766408479412964
year,37,0.00040766408479412964
within,37,0.00040766408479412964
rude,37,0.00040766408479412964
come,36,0.00039664613655645046
these,36,0.00039664613655645046
dinner,36,0.00039664613655645046
lot,36,0.00039664613655645046
family,36,0.00039664613655645046
visit,36,0.00039664613655645046
high,36,0.00039664613655645046
should,36,0.00039664613655645046
husband,36,0.00039664613655645046
home,36,0.00039664613655645046
wine,35,0.0003856281883187713
overall,35,0.0003856281883187713
different,35,0.0003856281883187713
used,35,0.0003856281883187713
size,35,0.0003856281883187713
week,35,0.0003856281883187713
felt,35,0.0003856281883187713
available,35,0.0003856281883187713
something,34,0.0003746102400810921
'm,34,0.0003746102400810921
sure,34,0.0003746102400810921
pay,34,0.0003746102400810921
looked,34,0.0003746102400810921
requested,34,0.0003746102400810921
huge,34,0.0003746102400810921
returned,34,0.0003746102400810921
anything,34,0.0003746102400810921
tiny,34,0.0003746102400810921
extra,34,0.0003746102400810921
things,34,0.0003746102400810921
without,34,0.0003746102400810921
omni,34,0.0003746102400810921
building,33,0.0003635922918434129
quality,33,0.0003635922918434129
full,33,0.0003635922918434129
line,33,0.0003635922918434129
until,33,0.0003635922918434129
rock,33,0.0003635922918434129
having,33,0.0003635922918434129
money,33,0.0003635922918434129
part,32,0.00035257434360573374
elevators,32,0.00035257434360573374
let,32,0.00035257434360573374
modern,32,0.00035257434360573374
try,32,0.00035257434360573374
travel,32,0.00035257434360573374
each,31,0.00034155639536805456
per,31,0.00034155639536805456
amenities,31,0.00034155639536805456
tower,31,0.00034155639536805456
ambassador,31,0.00034155639536805456
fantastic,31,0.00034155639536805456
three,31,0.00034155639536805456
hyatt,31,0.00034155639536805456
priceline,31,0.00034155639536805456
housekeeping,30,0.0003305384471303754
elevator,30,0.0003305384471303754
wall,30,0.0003305384471303754
everyone,30,0.0003305384471303754
reception,30,0.0003305384471303754
distance,30,0.0003305384471303754
located,30,0.0003305384471303754
does,30,0.0003305384471303754
late,30,0.0003305384471303754
navy,30,0.0003305384471303754
cool,30,0.0003305384471303754
pier,30,0.0003305384471303754
access,30,0.0003305384471303754
lake,30,0.0003305384471303754
else,29,0.0003195204988926962
wait,29,0.0003195204988926962
ca,29,0.0003195204988926962
absolutely,29,0.0003195204988926962
noise,29,0.0003195204988926962
places,29,0.0003195204988926962
especially,29,0.0003195204988926962
person,29,0.0003195204988926962
early,29,0.0003195204988926962
construction,29,0.0003195204988926962
dirty,29,0.0003195204988926962
although,29,0.0003195204988926962
disappointed,29,0.0003195204988926962
almost,29,0.0003195204988926962
decor,29,0.0003195204988926962
upgrade,29,0.0003195204988926962
may,29,0.0003195204988926962
house,29,0.0003195204988926962
his,29,0.0003195204988926962
enjoyed,29,0.0003195204988926962
why,28,0.000308502550655017
getting,28,0.000308502550655017
hear,28,0.000308502550655017
help,28,0.000308502550655017
thought,28,0.000308502550655017
least,28,0.000308502550655017
less,28,0.000308502550655017
ave,28,0.000308502550655017
windows,28,0.000308502550655017
valet,28,0.000308502550655017
tub,28,0.000308502550655017
look,28,0.000308502550655017
property,28,0.000308502550655017
recently,28,0.000308502550655017
walls,28,0.000308502550655017
sleep,28,0.000308502550655017
highly,28,0.000308502550655017
talbott,28,0.000308502550655017
blocks,27,0.00029748460241733784
someone,27,0.00029748460241733784
magnificent,27,0.00029748460241733784
card,27,0.00029748460241733784
above,27,0.00029748460241733784
avenue,27,0.00029748460241733784
tried,27,0.00029748460241733784
return,27,0.00029748460241733784
actually,27,0.00029748460241733784
spent,27,0.00029748460241733784
conrad,27,0.00029748460241733784
website,27,0.00029748460241733784
special,26,0.00028646665417965866
give,26,0.00028646665417965866
under,26,0.00028646665417965866
expensive,26,0.00028646665417965866
fairmont,26,0.00028646665417965866
views,26,0.00028646665417965866
hours,26,0.00028646665417965866
amalfi,26,0.00028646665417965866
james,26,0.00028646665417965866
end,26,0.00028646665417965866
window,25,0.0002754487059419795
given,25,0.0002754487059419795
pillows,25,0.0002754487059419795
sheets,25,0.0002754487059419795
anyone,25,0.0002754487059419795
easy,25,0.0002754487059419795
evening,25,0.0002754487059419795
walked,25,0.0002754487059419795
instead,25,0.0002754487059419795
years,24,0.0002644307577043003
allegro,24,0.0002644307577043003
far,24,0.0002644307577043003
toilet,24,0.0002644307577043003
seemed,24,0.0002644307577043003
expect,24,0.0002644307577043003
offered,24,0.0002644307577043003
fact,24,0.0002644307577043003
monaco,24,0.0002644307577043003
hot,24,0.0002644307577043003
closet,24,0.0002644307577043003
charged,24,0.0002644307577043003
air,24,0.0002644307577043003
',24,0.0002644307577043003
done,24,0.0002644307577043003
love,23,0.0002534128094666211
must,23,0.0002534128094666211
decided,23,0.0002534128094666211
across,23,0.0002534128094666211
cab,23,0.0002534128094666211
kind,23,0.0002534128094666211
east,23,0.0002534128094666211
ready,23,0.0002534128094666211
town,23,0.0002534128094666211
couple,23,0.0002534128094666211
pretty,23,0.0002534128094666211
towels,23,0.0002534128094666211
corner,23,0.0002534128094666211
side,23,0.0002534128094666211
saw,23,0.0002534128094666211
short,23,0.0002534128094666211
once,23,0.0002534128094666211
later,23,0.0002534128094666211
club,23,0.0002534128094666211
swissotel,23,0.0002534128094666211
problems,23,0.0002534128094666211
offer,23,0.0002534128094666211
minute,22,0.00024239486122894195
space,22,0.00024239486122894195
heard,22,0.00024239486122894195
lovely,22,0.00024239486122894195
wanted,22,0.00024239486122894195
complimentary,22,0.00024239486122894195
expected,22,0.00024239486122894195
near,22,0.00024239486122894195
yes,21,0.00023137691299126277
amazing,21,0.00023137691299126277
upgraded,21,0.00023137691299126277
double,21,0.00023137691299126277
cost,21,0.00023137691299126277
furniture,21,0.00023137691299126277
warm,21,0.00023137691299126277
directly,21,0.00023137691299126277
request,21,0.00023137691299126277
itself,21,0.00023137691299126277
friends,21,0.00023137691299126277
care,21,0.00023137691299126277
read,21,0.00023137691299126277
art,21,0.00023137691299126277
knickerbocker,21,0.00023137691299126277
name,21,0.00023137691299126277
working,20,0.0002203589647535836
pleasant,20,0.0002203589647535836
drinks,20,0.0002203589647535836
intercontinental,20,0.0002203589647535836
screen,20,0.0002203589647535836
received,20,0.0002203589647535836
palmer,20,0.0002203589647535836
impressed,20,0.0002203589647535836
bathrooms,20,0.0002203589647535836
comfy,20,0.0002203589647535836
eat,20,0.0002203589647535836
might,20,0.0002203589647535836
convenient,20,0.0002203589647535836
center,20,0.0002203589647535836
four,20,0.0002203589647535836
sheraton,19,0.0002093410165159044
wedding,19,0.0002093410165159044
leave,19,0.0002093410165159044
immediately,19,0.0002093410165159044
waiting,19,0.0002093410165159044
loop,19,0.0002093410165159044
unfortunately,19,0.0002093410165159044
despite,19,0.0002093410165159044
others,19,0.0002093410165159044
buffet,19,0.0002093410165159044
provided,19,0.0002093410165159044
employees,19,0.0002093410165159044
expectations,19,0.0002093410165159044
arrival,19,0.0002093410165159044
broken,19,0.0002093410165159044
either,19,0.0002093410165159044
fabulous,19,0.0002093410165159044
simply,19,0.0002093410165159044
choose,19,0.0002093410165159044
past,19,0.0002093410165159044
change,19,0.0002093410165159044
maybe,19,0.0002093410165159044
happy,19,0.0002093410165159044
kimpton,19,0.0002093410165159044
tell,19,0.0002093410165159044
dark,19,0.0002093410165159044
gym,19,0.0002093410165159044
review,18,0.00019832306827822523
member,18,0.00019832306827822523
cold,18,0.00019832306827822523
making,18,0.00019832306827822523
happened,18,0.00019832306827822523
outside,18,0.00019832306827822523
airport,18,0.00019832306827822523
ok,18,0.00019832306827822523
already,18,0.00019832306827822523
security,18,0.00019832306827822523
delivered,18,0.00019832306827822523
<num>pm,18,0.00019832306827822523
train,18,0.00019832306827822523
choice,18,0.00019832306827822523
north,18,0.00019832306827822523
value,18,0.00019832306827822523
fine,18,0.00019832306827822523
entire,18,0.00019832306827822523
doorman,18,0.00019832306827822523
fitness,18,0.00019832306827822523
drink,18,0.00019832306827822523
oh,17,0.00018730512004054605
daughter,17,0.00018730512004054605
complaint,17,0.00018730512004054605
areas,17,0.00018730512004054605
millenium,17,0.00018730512004054605
welcome,17,0.00018730512004054605
key,17,0.00018730512004054605
ordered,17,0.00018730512004054605
paying,17,0.00018730512004054605
trying,17,0.00018730512004054605
set,17,0.00018730512004054605
wifi,17,0.00018730512004054605
bell,17,0.00018730512004054605
previous,17,0.00018730512004054605
show,17,0.00018730512004054605
including,17,0.00018730512004054605
coming,17,0.00018730512004054605
book,17,0.00018730512004054605
<num>-<num>,17,0.00018730512004054605
inn,17,0.00018730512004054605
probably,17,0.00018730512004054605
<num>/<num>,17,0.00018730512004054605
bottle,17,0.00018730512004054605
checking,17,0.00018730512004054605
separate,17,0.00018730512004054605
block,17,0.00018730512004054605
needed,16,0.00017628717180286687
doors,16,0.00017628717180286687
half,16,0.00017628717180286687
bring,16,0.00017628717180286687
lots,16,0.00017628717180286687
ask,16,0.00017628717180286687
whole,16,0.00017628717180286687
doormen,16,0.00017628717180286687
<num>nd,16,0.00017628717180286687
noticed,16,0.00017628717180286687
management,16,0.00017628717180286687
due,16,0.00017628717180286687
company,16,0.00017628717180286687
thank,16,0.00017628717180286687
loud,16,0.00017628717180286687
fun,16,0.00017628717180286687
major,16,0.00017628717180286687
bars,16,0.00017628717180286687
turn,16,0.00017628717180286687
system,16,0.00017628717180286687
mini,16,0.00017628717180286687
issue,16,0.00017628717180286687
bill,16,0.00017628717180286687
yet,16,0.00017628717180286687
sofitel,16,0.00017628717180286687
charges,16,0.00017628717180286687
future,16,0.00017628717180286687
throughout,16,0.00017628717180286687
lost,16,0.00017628717180286687
clerk,16,0.00017628717180286687
credit,15,0.0001652692235651877
sit,15,0.0001652692235651877
smoking,15,0.0001652692235651877
average,15,0.0001652692235651877
enjoy,15,0.0001652692235651877
bath,15,0.0001652692235651877
course,15,0.0001652692235651877
along,15,0.0001652692235651877
chair,15,0.0001652692235651877
poor,15,0.0001652692235651877
<num>:<num>,15,0.0001652692235651877
greeted,15,0.0001652692235651877
plus,15,0.0001652692235651877
music,15,0.0001652692235651877
keep,15,0.0001652692235651877
usually,15,0.0001652692235651877
flat,15,0.0001652692235651877
knew,15,0.0001652692235651877
older,15,0.0001652692235651877
super,15,0.0001652692235651877
fridge,15,0.0001652692235651877
points,15,0.0001652692235651877
plenty,15,0.0001652692235651877
paper,15,0.0001652692235651877
carpet,15,0.0001652692235651877
recommended,15,0.0001652692235651877
treated,15,0.0001652692235651877
light,15,0.0001652692235651877
renovated,15,0.0001652692235651877
friend,15,0.0001652692235651877
decent,15,0.0001652692235651877
stop,14,0.0001542512753275085
own,14,0.0001542512753275085
main,14,0.0001542512753275085
tired,14,0.0001542512753275085
nearby,14,0.0001542512753275085
superb,14,0.0001542512753275085
order,14,0.0001542512753275085
standard,14,0.0001542512753275085
hallways,14,0.0001542512753275085
mistake,14,0.0001542512753275085
included,14,0.0001542512753275085
shampoo,14,0.0001542512753275085
closed,14,0.0001542512753275085
seem,14,0.0001542512753275085
beyond,14,0.0001542512753275085
fresh,14,0.0001542512753275085
busy,14,0.0001542512753275085
him,14,0.0001542512753275085
online,14,0.0001542512753275085
based,14,0.0001542512753275085
low,14,0.0001542512753275085
slept,14,0.0001542512753275085
pleased,14,0.0001542512753275085
slow,14,0.0001542512753275085
issues,14,0.0001542512753275085
feeling,14,0.0001542512753275085
sofa,14,0.0001542512753275085
inside,14,0.0001542512753275085
brought,14,0.0001542512753275085
sunday,14,0.0001542512753275085
forward,14,0.0001542512753275085
prior,14,0.0001542512753275085
negative,14,0.0001542512753275085
ride,14,0.0001542512753275085
worst,14,0.0001542512753275085
floors,14,0.0001542512753275085
start,14,0.0001542512753275085
boutique,14,0.0001542512753275085
chose,14,0.0001542512753275085
those,13,0.00014323332708982933
public,13,0.00014323332708982933
touch,13,0.00014323332708982933
completely,13,0.00014323332708982933
between,13,0.00014323332708982933
level,13,0.00014323332708982933
point,13,0.00014323332708982933
appeared,13,0.00014323332708982933
easily,13,0.00014323332708982933
son,13,0.00014323332708982933
makes,13,0.00014323332708982933
larger,13,0.00014323332708982933
living,13,0.00014323332708982933
guess,13,0.00014323332708982933
kept,13,0.00014323332708982933
complain,13,0.00014323332708982933
bedroom,13,0.00014323332708982933
note,13,0.00014323332708982933
noisy,13,0.00014323332708982933
class,13,0.00014323332708982933
supposed,13,0.00014323332708982933
red,13,0.00014323332708982933
mentioned,13,0.00014323332708982933
lounge,13,0.00014323332708982933
booking,13,0.00014323332708982933
cleaned,13,0.00014323332708982933
opened,13,0.00014323332708982933
downstairs,13,0.00014323332708982933
clearly,13,0.00014323332708982933
entrance,13,0.00014323332708982933
options,13,0.00014323332708982933
truly,12,0.00013221537885215015
receptionist,12,0.00013221537885215015
<num>rd,12,0.00013221537885215015
getaway,12,0.00013221537885215015
pm,12,0.00013221537885215015
twice,12,0.00013221537885215015
perhaps,12,0.00013221537885215015
believe,12,0.00013221537885215015
historic,12,0.00013221537885215015
hold,12,0.00013221537885215015
calls,12,0.00013221537885215015
sound,12,0.00013221537885215015
prices,12,0.00013221537885215015
cheap,12,0.00013221537885215015
surprised,12,0.00013221537885215015
quick,12,0.00013221537885215015
send,12,0.00013221537885215015
table,12,0.00013221537885215015
otherwise,12,0.00013221537885215015
site,12,0.00013221537885215015
wrong,12,0.00013221537885215015
attached,12,0.00013221537885215015
nobody,12,0.00013221537885215015
favorite,12,0.00013221537885215015
reading,12,0.00013221537885215015
guy,12,0.00013221537885215015
incredibly,12,0.00013221537885215015
ended,12,0.00013221537885215015
policy,12,0.00013221537885215015
below,12,0.00013221537885215015
pump,12,0.00013221537885215015
rather,12,0.00013221537885215015
complaints,12,0.00013221537885215015
tip,12,0.00013221537885215015
certainly,12,0.00013221537885215015
gift,12,0.00013221537885215015
ridiculous,12,0.00013221537885215015
bugs,12,0.00013221537885215015
sign,12,0.00013221537885215015
decorated,12,0.00013221537885215015
general,12,0.00013221537885215015
maid,12,0.00013221537885215015
additional,12,0.00013221537885215015
waited,12,0.00013221537885215015
disappointing,12,0.00013221537885215015
taken,12,0.00013221537885215015
generally,12,0.00013221537885215015
mind,12,0.00013221537885215015
convention,12,0.00013221537885215015
live,12,0.00013221537885215015
added,12,0.00013221537885215015
ate,11,0.00012119743061447097
renovation,11,0.00012119743061447097
behind,11,0.00012119743061447097
visiting,11,0.00012119743061447097
seen,11,0.00012119743061447097
anniversary,11,0.00012119743061447097
head,11,0.00012119743061447097
awesome,11,0.00012119743061447097
understand,11,0.00012119743061447097
dining,11,0.00012119743061447097
kitchen,11,0.00012119743061447097
incredible,11,0.00012119743061447097
neighborhood,11,0.00012119743061447097
group,11,0.00012119743061447097
suggested,11,0.00012119743061447097
mention,11,0.00012119743061447097
roll,11,0.00012119743061447097
imagine,11,0.00012119743061447097
changed,11,0.00012119743061447097
beat,11,0.00012119743061447097
wo,11,0.00012119743061447097
thin,11,0.00012119743061447097
needs,11,0.00012119743061447097
earlier,11,0.00012119743061447097
checkout,11,0.00012119743061447097
taxi,11,0.00012119743061447097
complained,11,0.00012119743061447097
stuff,11,0.00012119743061447097
job,11,0.00012119743061447097
seems,11,0.00012119743061447097
spend,11,0.00012119743061447097
gone,11,0.00012119743061447097
frequent,11,0.00012119743061447097
leaving,11,0.00012119743061447097
elegant,11,0.00012119743061447097
move,11,0.00012119743061447097
doing,11,0.00012119743061447097
station,11,0.00012119743061447097
polite,11,0.00012119743061447097
barely,11,0.00012119743061447097
situation,11,0.00012119743061447097
terrible,11,0.00012119743061447097
nicer,11,0.00012119743061447097
woke,11,0.00012119743061447097
garage,11,0.00012119743061447097
reason,11,0.00012119743061447097
minibar,11,0.00012119743061447097
using,11,0.00012119743061447097
towers,11,0.00012119743061447097
attentive,11,0.00012119743061447097
kids,11,0.00012119743061447097
uncomfortable,11,0.00012119743061447097
anywhere,11,0.00012119743061447097
non-smoking,11,0.00012119743061447097
requests,11,0.00012119743061447097
suites,11,0.00012119743061447097
none,11,0.00012119743061447097
sitting,11,0.00012119743061447097
served,11,0.00012119743061447097
party,11,0.00012119743061447097
state,11,0.00012119743061447097
rates,11,0.00012119743061447097
luggage,11,0.00012119743061447097
package,11,0.00012119743061447097
terrific,11,0.00012119743061447097
holiday,11,0.00012119743061447097
cozy,11,0.00012119743061447097
traveler,10,0.0001101794823767918
liked,10,0.0001101794823767918
nor,10,0.0001101794823767918
spa,10,0.0001101794823767918
overpriced,10,0.0001101794823767918
write,10,0.0001101794823767918
employee,10,0.0001101794823767918
wi-fi,10,0.0001101794823767918
mall,10,0.0001101794823767918
quickly,10,0.0001101794823767918
dollars,10,0.0001101794823767918
reservations,10,0.0001101794823767918
hall,10,0.0001101794823767918
young,10,0.0001101794823767918
myself,10,0.0001101794823767918
store,10,0.0001101794823767918
%,10,0.0001101794823767918
hallway,10,0.0001101794823767918
services,10,0.0001101794823767918
moved,10,0.0001101794823767918
sized,10,0.0001101794823767918
confirmation,10,0.0001101794823767918
cover,10,0.0001101794823767918
via,10,0.0001101794823767918
world,10,0.0001101794823767918
higher,10,0.0001101794823767918
eating,10,0.0001101794823767918
case,10,0.0001101794823767918
saturday,10,0.0001101794823767918
<num>am,10,0.0001101794823767918
style,10,0.0001101794823767918
bags,10,0.0001101794823767918
dated,10,0.0001101794823767918
information,10,0.0001101794823767918
somewhere,10,0.0001101794823767918
lack,10,0.0001101794823767918
sink,10,0.0001101794823767918
managers,10,0.0001101794823767918
maker,10,0.0001101794823767918
slightly,10,0.0001101794823767918
bedding,10,0.0001101794823767918
stated,10,0.0001101794823767918
five,10,0.0001101794823767918
touches,10,0.0001101794823767918
bellman,10,0.0001101794823767918
appointed,10,0.0001101794823767918
fixtures,10,0.0001101794823767918
furnished,10,0.0001101794823767918
difficult,10,0.0001101794823767918
elsewhere,10,0.0001101794823767918
personal,10,0.0001101794823767918
properties,10,0.0001101794823767918
fan,10,0.0001101794823767918
toiletries,10,0.0001101794823767918
workout,10,0.0001101794823767918
regular,10,0.0001101794823767918
ave.,10,0.0001101794823767918
met,10,0.0001101794823767918
missing,10,0.0001101794823767918
compared,10,0.0001101794823767918
cleaning,10,0.0001101794823767918
looks,10,0.0001101794823767918
number,10,0.0001101794823767918
glass,10,0.0001101794823767918
account,10,0.0001101794823767918
institute,9,9.916153413911261e-05
maintenance,9,9.916153413911261e-05
saying,9,9.916153413911261e-05
pros,9,9.916153413911261e-05
man,9,9.916153413911261e-05
plan,9,9.916153413911261e-05
rest,9,9.916153413911261e-05
ice,9,9.916153413911261e-05
tour,9,9.916153413911261e-05
professional,9,9.916153413911261e-05
covered,9,9.916153413911261e-05
pictures,9,9.916153413911261e-05
cut,9,9.916153413911261e-05
l,9,9.916153413911261e-05
weeks,9,9.916153413911261e-05
totally,9,9.916153413911261e-05
aware,9,9.916153413911261e-05
apparently,9,9.916153413911261e-05
complete,9,9.916153413911261e-05
fault,9,9.916153413911261e-05
items,9,9.916153413911261e-05
running,9,9.916153413911261e-05
positive,9,9.916153413911261e-05
conditioner,9,9.916153413911261e-05
worse,9,9.916153413911261e-05
safe,9,9.916153413911261e-05
july,9,9.916153413911261e-05
hand,9,9.916153413911261e-05
attractions,9,9.916153413911261e-05
lower,9,9.916153413911261e-05
bottles,9,9.916153413911261e-05
reserved,9,9.916153413911261e-05
sent,9,9.916153413911261e-05
thanks,9,9.916153413911261e-05
transportation,9,9.916153413911261e-05
stays,9,9.916153413911261e-05
shops,9,9.916153413911261e-05
longer,9,9.916153413911261e-05
taking,9,9.916153413911261e-05
meal,9,9.916153413911261e-05
everywhere,9,9.916153413911261e-05
men,9,9.916153413911261e-05
meeting,9,9.916153413911261e-05
ago,9,9.916153413911261e-05
mins,9,9.916153413911261e-05
program,9,9.916153413911261e-05
members,9,9.916153413911261e-05
simple,9,9.916153413911261e-05
menu,9,9.916153413911261e-05
membership,9,9.916153413911261e-05
asking,9,9.916153413911261e-05
type,9,9.916153413911261e-05
linens,9,9.916153413911261e-05
answered,9,9.916153413911261e-05
smelled,9,9.916153413911261e-05
thru,9,9.916153413911261e-05
check-out,9,9.916153413911261e-05
white,9,9.916153413911261e-05
possible,9,9.916153413911261e-05
third,9,9.916153413911261e-05
reasonable,9,9.916153413911261e-05
girl,9,9.916153413911261e-05
soap,9,9.916153413911261e-05
<num>/night,8,8.814358590143343e-05
confirmed,8,8.814358590143343e-05
picture,8,8.814358590143343e-05
somewhat,8,8.814358590143343e-05
fee,8,8.814358590143343e-05
exactly,8,8.814358590143343e-05
picked,8,8.814358590143343e-05
degrees,8,8.814358590143343e-05
traveling,8,8.814358590143343e-05
couch,8,8.814358590143343e-05
gorgeous,8,8.814358590143343e-05
drive,8,8.814358590143343e-05
minor,8,8.814358590143343e-05
ipod,8,8.814358590143343e-05
girls,8,8.814358590143343e-05
obviously,8,8.814358590143343e-05
peninsula,8,8.814358590143343e-05
rush,8,8.814358590143343e-05
office,8,8.814358590143343e-05
yourself,8,8.814358590143343e-05
delicious,8,8.814358590143343e-05
failed,8,8.814358590143343e-05
tea,8,8.814358590143343e-05
june,8,8.814358590143343e-05
shoes,8,8.814358590143343e-05
talk,8,8.814358590143343e-05
millennium,8,8.814358590143343e-05
bottom,8,8.814358590143343e-05
annoying,8,8.814358590143343e-05
superior,8,8.814358590143343e-05
appreciated,8,8.814358590143343e-05
months,8,8.814358590143343e-05
placed,8,8.814358590143343e-05
attended,8,8.814358590143343e-05
worn,8,8.814358590143343e-05
experienced,8,8.814358590143343e-05
pleasure,8,8.814358590143343e-05
fix,8,8.814358590143343e-05
summer,8,8.814358590143343e-05
south,8,8.814358590143343e-05
unless,8,8.814358590143343e-05
nicely,8,8.814358590143343e-05
centre,8,8.814358590143343e-05
bonus,8,8.814358590143343e-05
starbucks,8,8.814358590143343e-05
soon,8,8.814358590143343e-05
woman,8,8.814358590143343e-05
informed,8,8.814358590143343e-05
following,8,8.814358590143343e-05
fell,8,8.814358590143343e-05
assigned,8,8.814358590143343e-05
stairs,8,8.814358590143343e-05
welcoming,8,8.814358590143343e-05
difference,8,8.814358590143343e-05
traffic,8,8.814358590143343e-05
efficient,8,8.814358590143343e-05
birthday,8,8.814358590143343e-05
particularly,8,8.814358590143343e-05
life,8,8.814358590143343e-05
chain,8,8.814358590143343e-05
charm,8,8.814358590143343e-05
definately,8,8.814358590143343e-05
courteous,8,8.814358590143343e-05
chairs,8,8.814358590143343e-05
arranged,8,8.814358590143343e-05
fast,8,8.814358590143343e-05
seasons,8,8.814358590143343e-05
smile,8,8.814358590143343e-05
promised,8,8.814358590143343e-05
wish,8,8.814358590143343e-05
recommendations,8,8.814358590143343e-05
bug,8,8.814358590143343e-05
juice,8,8.814358590143343e-05
honor,8,8.814358590143343e-05
cancel,8,8.814358590143343e-05
pillow,8,8.814358590143343e-05
started,8,8.814358590143343e-05
email,8,8.814358590143343e-05
word,8,8.814358590143343e-05
considering,8,8.814358590143343e-05
flowers,8,8.814358590143343e-05
speak,8,8.814358590143343e-05
event,8,8.814358590143343e-05
smaller,8,8.814358590143343e-05
cramped,8,8.814358590143343e-05
subway,7,7.712563766375426e-05
replaced,7,7.712563766375426e-05
particular,7,7.712563766375426e-05
prefer,7,7.712563766375426e-05
basic,7,7.712563766375426e-05
rating,7,7.712563766375426e-05
el,7,7.712563766375426e-05
/,7,7.712563766375426e-05
gold,7,7.712563766375426e-05
customers,7,7.712563766375426e-05
executive,7,7.712563766375426e-05
spot,7,7.712563766375426e-05
bright,7,7.712563766375426e-05
premium,7,7.712563766375426e-05
hair,7,7.712563766375426e-05
pull,7,7.712563766375426e-05
response,7,7.712563766375426e-05
means,7,7.712563766375426e-05
shuttle,7,7.712563766375426e-05
iron,7,7.712563766375426e-05
museum,7,7.712563766375426e-05
treat,7,7.712563766375426e-05
similar,7,7.712563766375426e-05
giving,7,7.712563766375426e-05
december,7,7.712563766375426e-05
fish,7,7.712563766375426e-05
seriously,7,7.712563766375426e-05
horrible,7,7.712563766375426e-05
relaxing,7,7.712563766375426e-05
usual,7,7.712563766375426e-05
atmosphere,7,7.712563766375426e-05
regency,7,7.712563766375426e-05
nearly,7,7.712563766375426e-05
renovations,7,7.712563766375426e-05
upscale,7,7.712563766375426e-05
worked,7,7.712563766375426e-05
luck,7,7.712563766375426e-05
westin,7,7.712563766375426e-05
base,7,7.712563766375426e-05
month,7,7.712563766375426e-05
stand,7,7.712563766375426e-05
luxurious,7,7.712563766375426e-05
hancock,7,7.712563766375426e-05
wireless,7,7.712563766375426e-05
disappointment,7,7.712563766375426e-05
basically,7,7.712563766375426e-05
stained,7,7.712563766375426e-05
returning,7,7.712563766375426e-05
hesitation,7,7.712563766375426e-05
cafe,7,7.712563766375426e-05
allowed,7,7.712563766375426e-05
record,7,7.712563766375426e-05
turned,7,7.712563766375426e-05
cons,7,7.712563766375426e-05
helped,7,7.712563766375426e-05
mediocre,7,7.712563766375426e-05
centrally,7,7.712563766375426e-05
facing,7,7.712563766375426e-05
computer,7,7.712563766375426e-05
correct,7,7.712563766375426e-05
machines,7,7.712563766375426e-05
queen,7,7.712563766375426e-05
middle,7,7.712563766375426e-05
duvet,7,7.712563766375426e-05
question,7,7.712563766375426e-05
grant,7,7.712563766375426e-05
moment,7,7.712563766375426e-05
encountered,7,7.712563766375426e-05
real,7,7.712563766375426e-05
surprise,7,7.712563766375426e-05
theater,7,7.712563766375426e-05
apology,7,7.712563766375426e-05
replace,7,7.712563766375426e-05
annoyed,7,7.712563766375426e-05
classic,7,7.712563766375426e-05
comes,7,7.712563766375426e-05
normal,7,7.712563766375426e-05
peeling,7,7.712563766375426e-05
except,7,7.712563766375426e-05
yeah,7,7.712563766375426e-05
robes,7,7.712563766375426e-05
fruit,7,7.712563766375426e-05
drake,7,7.712563766375426e-05
please,7,7.712563766375426e-05
bites,7,7.712563766375426e-05
european,7,7.712563766375426e-05
blanket,7,7.712563766375426e-05
roof,7,7.712563766375426e-05
clothes,7,7.712563766375426e-05
updated,7,7.712563766375426e-05
deliver,7,7.712563766375426e-05
handle,7,7.712563766375426e-05
notch,7,7.712563766375426e-05
lunch,7,7.712563766375426e-05
stuck,7,7.712563766375426e-05
hotwire,7,7.712563766375426e-05
o'hare,7,7.712563766375426e-05
break,7,7.712563766375426e-05
onto,7,7.712563766375426e-05
list,7,7.712563766375426e-05
calling,7,7.712563766375426e-05
showed,7,7.712563766375426e-05
offers,7,7.712563766375426e-05
costs,7,7.712563766375426e-05
<num>:<num>pm,7,7.712563766375426e-05
advance,7,7.712563766375426e-05
monoco,6,6.610768942607508e-05
charging,6,6.610768942607508e-05
upper,6,6.610768942607508e-05
bus,6,6.610768942607508e-05
bargain,6,6.610768942607508e-05
brick,6,6.610768942607508e-05
january,6,6.610768942607508e-05
impression,6,6.610768942607508e-05
impossible,6,6.610768942607508e-05
trips,6,6.610768942607508e-05
lacking,6,6.610768942607508e-05
scene,6,6.610768942607508e-05
sweet,6,6.610768942607508e-05
duty,6,6.610768942607508e-05
irish,6,6.610768942607508e-05
bother,6,6.610768942607508e-05
boyfriend,6,6.610768942607508e-05
accommodating,6,6.610768942607508e-05
w,6,6.610768942607508e-05
@,6,6.610768942607508e-05
feature,6,6.610768942607508e-05
ta,6,6.610768942607508e-05
total,6,6.610768942607508e-05
daily,6,6.610768942607508e-05
in-room,6,6.610768942607508e-05
comparable,6,6.610768942607508e-05
locked,6,6.610768942607508e-05
telling,6,6.610768942607508e-05
blankets,6,6.610768942607508e-05
leisure,6,6.610768942607508e-05
swimming,6,6.610768942607508e-05
..,6,6.610768942607508e-05
lighting,6,6.610768942607508e-05
arrive,6,6.610768942607508e-05
arriving,6,6.610768942607508e-05
breakfasts,6,6.610768942607508e-05
seat,6,6.610768942607508e-05
accomodating,6,6.610768942607508e-05
hope,6,6.610768942607508e-05
fees,6,6.610768942607508e-05
sides,6,6.610768942607508e-05
heat,6,6.610768942607508e-05
built,6,6.610768942607508e-05
brand,6,6.610768942607508e-05
outstanding,6,6.610768942607508e-05
comfort,6,6.610768942607508e-05
limited,6,6.610768942607508e-05
figure,6,6.610768942607508e-05
<num>/day,6,6.610768942607508e-05
attitude,6,6.610768942607508e-05
corporate,6,6.610768942607508e-05
pass,6,6.610768942607508e-05
watch,6,6.610768942607508e-05
beer,6,6.610768942607508e-05
sort,6,6.610768942607508e-05
discover,6,6.610768942607508e-05
carpets,6,6.610768942607508e-05
september,6,6.610768942607508e-05
chic,6,6.610768942607508e-05
ones,6,6.610768942607508e-05
wrote,6,6.610768942607508e-05
april,6,6.610768942607508e-05
often,6,6.610768942607508e-05
closer,6,6.610768942607508e-05
excited,6,6.610768942607508e-05
luxury,6,6.610768942607508e-05
turndown,6,6.610768942607508e-05
putting,6,6.610768942607508e-05
american,6,6.610768942607508e-05
spending,6,6.610768942607508e-05
waste,6,6.610768942607508e-05
run,6,6.610768942607508e-05
face,6,6.610768942607508e-05
feet,6,6.610768942607508e-05
machine,6,6.610768942607508e-05
sad,6,6.610768942607508e-05
smoke,6,6.610768942607508e-05
chocolate,6,6.610768942607508e-05
trendy,6,6.610768942607508e-05
frequently,6,6.610768942607508e-05
pressure,6,6.610768942607508e-05
lights,6,6.610768942607508e-05
channels,6,6.610768942607508e-05
cup,6,6.610768942607508e-05
mirror,6,6.610768942607508e-05
filthy,6,6.610768942607508e-05
interesting,6,6.610768942607508e-05
stopped,6,6.610768942607508e-05
true,6,6.610768942607508e-05
speed,6,6.610768942607508e-05
important,6,6.610768942607508e-05
add,6,6.610768942607508e-05
option,6,6.610768942607508e-05
attending,6,6.610768942607508e-05
literally,6,6.610768942607508e-05
advertised,6,6.610768942607508e-05
serves,6,6.610768942607508e-05
mold,6,6.610768942607508e-05
eventually,6,6.610768942607508e-05
hanging,6,6.610768942607508e-05
towel,6,6.610768942607508e-05
fair,6,6.610768942607508e-05
mattress,6,6.610768942607508e-05
<num>-star,6,6.610768942607508e-05
marriott,6,6.610768942607508e-05
confused,6,6.610768942607508e-05
design,6,6.610768942607508e-05
removed,6,6.610768942607508e-05
foot,6,6.610768942607508e-05
gracious,6,6.610768942607508e-05
largest,6,6.610768942607508e-05
today,6,6.610768942607508e-05
traveled,6,6.610768942607508e-05
hrh,5,5.50897411883959e-05
mag,5,5.50897411883959e-05
*the,5,5.50897411883959e-05
anthony,5,5.50897411883959e-05
advisor,5,5.50897411883959e-05
muffins,5,5.50897411883959e-05
museums,5,5.50897411883959e-05
sold,5,5.50897411883959e-05
wake,5,5.50897411883959e-05
overlooked,5,5.50897411883959e-05
showers,5,5.50897411883959e-05
central,5,5.50897411883959e-05
smell,5,5.50897411883959e-05
matter,5,5.50897411883959e-05
sleeping,5,5.50897411883959e-05
ahead,5,5.50897411883959e-05
handy,5,5.50897411883959e-05
hole,5,5.50897411883959e-05
activities,5,5.50897411883959e-05
impressive,5,5.50897411883959e-05
chicken,5,5.50897411883959e-05
cake,5,5.50897411883959e-05
#,5,5.50897411883959e-05
bitten,5,5.50897411883959e-05
lady,5,5.50897411883959e-05
spread,5,5.50897411883959e-05
discovered,5,5.50897411883959e-05
prepared,5,5.50897411883959e-05
adequate,5,5.50897411883959e-05
sights,5,5.50897411883959e-05
girlfriends,5,5.50897411883959e-05
europe,5,5.50897411883959e-05
continued,5,5.50897411883959e-05
range,5,5.50897411883959e-05
provides,5,5.50897411883959e-05
updating,5,5.50897411883959e-05
miracle,5,5.50897411883959e-05
disgusting,5,5.50897411883959e-05
idea,5,5.50897411883959e-05
toward,5,5.50897411883959e-05
affinia,5,5.50897411883959e-05
bellmen,5,5.50897411883959e-05
boarding,5,5.50897411883959e-05
common,5,5.50897411883959e-05
folks,5,5.50897411883959e-05
wallpaper,5,5.50897411883959e-05
furnishings,5,5.50897411883959e-05
missed,5,5.50897411883959e-05
slippers,5,5.50897411883959e-05
hospitality,5,5.50897411883959e-05
transferred,5,5.50897411883959e-05
explained,5,5.50897411883959e-05
biggest,5,5.50897411883959e-05
newly,5,5.50897411883959e-05
breathtaking,5,5.50897411883959e-05
prompt,5,5.50897411883959e-05
<num>st,5,5.50897411883959e-05
normally,5,5.50897411883959e-05
goes,5,5.50897411883959e-05
maids,5,5.50897411883959e-05
waiter,5,5.50897411883959e-05
lying,5,5.50897411883959e-05
soda,5,5.50897411883959e-05
affordable,5,5.50897411883959e-05
luckily,5,5.50897411883959e-05
ritz,5,5.50897411883959e-05
letter,5,5.50897411883959e-05
standing,5,5.50897411883959e-05
written,5,5.50897411883959e-05
unique,5,5.50897411883959e-05
goldfish,5,5.50897411883959e-05
virtually,5,5.50897411883959e-05
conditioning,5,5.50897411883959e-05
glasses,5,5.50897411883959e-05
fixed,5,5.50897411883959e-05
taste,5,5.50897411883959e-05
products,5,5.50897411883959e-05
pastries,5,5.50897411883959e-05
junior,5,5.50897411883959e-05
travelzoo,5,5.50897411883959e-05
rain,5,5.50897411883959e-05
vacation,5,5.50897411883959e-05
board,5,5.50897411883959e-05
adults,5,5.50897411883959e-05
weather,5,5.50897411883959e-05
fare,5,5.50897411883959e-05
august,5,5.50897411883959e-05
layout,5,5.50897411883959e-05
natural,5,5.50897411883959e-05
boring,5,5.50897411883959e-05
stains,5,5.50897411883959e-05
flight,5,5.50897411883959e-05
switch,5,5.50897411883959e-05
handed,5,5.50897411883959e-05
won,5,5.50897411883959e-05
facility,5,5.50897411883959e-05
alone,5,5.50897411883959e-05
watching,5,5.50897411883959e-05
god,5,5.50897411883959e-05
massage,5,5.50897411883959e-05
happen,5,5.50897411883959e-05
cheapest,5,5.50897411883959e-05
min,5,5.50897411883959e-05
opening,5,5.50897411883959e-05
empty,5,5.50897411883959e-05
march,5,5.50897411883959e-05
bucks,5,5.50897411883959e-05
cheaper,5,5.50897411883959e-05
personnel,5,5.50897411883959e-05
bartender,5,5.50897411883959e-05
continental,5,5.50897411883959e-05
complaining,5,5.50897411883959e-05
romantic,5,5.50897411883959e-05
meet,5,5.50897411883959e-05
coast,5,5.50897411883959e-05
classy,5,5.50897411883959e-05
afternoon,5,5.50897411883959e-05
shared,5,5.50897411883959e-05
news,5,5.50897411883959e-05
curtains,5,5.50897411883959e-05
pick,5,5.50897411883959e-05
thoroughly,5,5.50897411883959e-05
registration,5,5.50897411883959e-05
john,5,5.50897411883959e-05
inconvenience,5,5.50897411883959e-05
form,5,5.50897411883959e-05
trouble,5,5.50897411883959e-05
addition,5,5.50897411883959e-05
homewood,5,5.50897411883959e-05
concrete,5,5.50897411883959e-05
save,5,5.50897411883959e-05
drove,5,5.50897411883959e-05
date,5,5.50897411883959e-05
health,5,5.50897411883959e-05
ten,5,5.50897411883959e-05
directions,5,5.50897411883959e-05
midway,5,5.50897411883959e-05
relatively,5,5.50897411883959e-05
brief,5,5.50897411883959e-05
comment,5,5.50897411883959e-05
cheese,5,5.50897411883959e-05
yummy,5,5.50897411883959e-05
plasma,5,5.50897411883959e-05
selection,5,5.50897411883959e-05
industry,5,5.50897411883959e-05
brother,5,5.50897411883959e-05
fairly,5,5.50897411883959e-05
heart,5,5.50897411883959e-05
situated,5,5.50897411883959e-05
weekends,5,5.50897411883959e-05
beverages,5,5.50897411883959e-05
incident,5,5.50897411883959e-05
history,5,5.50897411883959e-05
certificate,5,5.50897411883959e-05
greeting,5,5.50897411883959e-05
seeing,5,5.50897411883959e-05
appreciate,5,5.50897411883959e-05
sites,5,5.50897411883959e-05
consider,5,5.50897411883959e-05
dessert,5,5.50897411883959e-05
drawers,5,5.50897411883959e-05
thinking,5,5.50897411883959e-05
certain,5,5.50897411883959e-05
frustrated,5,5.50897411883959e-05
experiences,5,5.50897411883959e-05
disturb,5,5.50897411883959e-05
opinion,5,5.50897411883959e-05
contact,5,5.50897411883959e-05
cancellation,5,5.50897411883959e-05
mess,5,5.50897411883959e-05
anyway,5,5.50897411883959e-05
photos,5,5.50897411883959e-05
washington,5,5.50897411883959e-05
notice,5,5.50897411883959e-05
dc,4,4.407179295071672e-05
radio,4,4.407179295071672e-05
reported,4,4.407179295071672e-05
closets,4,4.407179295071672e-05
college,4,4.407179295071672e-05
excuse,4,4.407179295071672e-05
recent,4,4.407179295071672e-05
october,4,4.407179295071672e-05
chosen,4,4.407179295071672e-05
thankfully,4,4.407179295071672e-05
terms,4,4.407179295071672e-05
desired,4,4.407179295071672e-05
hesitate,4,4.407179295071672e-05
steal,4,4.407179295071672e-05
popular,4,4.407179295071672e-05
departure,4,4.407179295071672e-05
file,4,4.407179295071672e-05
report,4,4.407179295071672e-05
claim,4,4.407179295071672e-05
supply,4,4.407179295071672e-05
stale,4,4.407179295071672e-05
ambiance,4,4.407179295071672e-05
cell,4,4.407179295071672e-05
sorry,4,4.407179295071672e-05
connection,4,4.407179295071672e-05
possibly,4,4.407179295071672e-05
remembered,4,4.407179295071672e-05
seating,4,4.407179295071672e-05
apartment,4,4.407179295071672e-05
correctly,4,4.407179295071672e-05
currently,4,4.407179295071672e-05
unacceptable,4,4.407179295071672e-05
stops,4,4.407179295071672e-05
diamond,4,4.407179295071672e-05
talking,4,4.407179295071672e-05
dry,4,4.407179295071672e-05
champagne,4,4.407179295071672e-05
realized,4,4.407179295071672e-05
mini-bar,4,4.407179295071672e-05
process,4,4.407179295071672e-05
agreed,4,4.407179295071672e-05
promise,4,4.407179295071672e-05
swim,4,4.407179295071672e-05
sliding,4,4.407179295071672e-05
spotless,4,4.407179295071672e-05
david,4,4.407179295071672e-05
switched,4,4.407179295071672e-05
phones,4,4.407179295071672e-05
bare,4,4.407179295071672e-05
clock,4,4.407179295071672e-05
concern,4,4.407179295071672e-05
crazy,4,4.407179295071672e-05
honeymoon,4,4.407179295071672e-05
accessible,4,4.407179295071672e-05
fallen,4,4.407179295071672e-05
miss,4,4.407179295071672e-05
specifically,4,4.407179295071672e-05
overnight,4,4.407179295071672e-05
preferred,4,4.407179295071672e-05
signs,4,4.407179295071672e-05
headed,4,4.407179295071672e-05
february,4,4.407179295071672e-05
began,4,4.407179295071672e-05
funky,4,4.407179295071672e-05
dingy,4,4.407179295071672e-05
shows,4,4.407179295071672e-05
closes,4,4.407179295071672e-05
resturant,4,4.407179295071672e-05
inviting,4,4.407179295071672e-05
inch,4,4.407179295071672e-05
wet,4,4.407179295071672e-05
solid,4,4.407179295071672e-05
visited,4,4.407179295071672e-05
consierge,4,4.407179295071672e-05
dock,4,4.407179295071672e-05
nicest,4,4.407179295071672e-05
families,4,4.407179295071672e-05
nowhere,4,4.407179295071672e-05
opposite,4,4.407179295071672e-05
sightseeing,4,4.407179295071672e-05
remote,4,4.407179295071672e-05
properly,4,4.407179295071672e-05
neat,4,4.407179295071672e-05
redeeming,4,4.407179295071672e-05
confirm,4,4.407179295071672e-05
hip,4,4.407179295071672e-05
temp,4,4.407179295071672e-05
planned,4,4.407179295071672e-05
la,4,4.407179295071672e-05
discount,4,4.407179295071672e-05
debit,4,4.407179295071672e-05
queens,4,4.407179295071672e-05
standards,4,4.407179295071672e-05
bank,4,4.407179295071672e-05
purchased,4,4.407179295071672e-05
ours,4,4.407179295071672e-05
drain,4,4.407179295071672e-05
reasonably,4,4.407179295071672e-05
boys,4,4.407179295071672e-05
hi,4,4.407179295071672e-05
flights,4,4.407179295071672e-05
okay,4,4.407179295071672e-05
sat,4,4.407179295071672e-05
eve,4,4.407179295071672e-05
plate,4,4.407179295071672e-05
italian,4,4.407179295071672e-05
marble,4,4.407179295071672e-05
corrected,4,4.407179295071672e-05
<num>/<num>/<num>,4,4.407179295071672e-05
numerous,4,4.407179295071672e-05
forgot,4,4.407179295071672e-05
previously,4,4.407179295071672e-05
winter,4,4.407179295071672e-05
figured,4,4.407179295071672e-05
poorly,4,4.407179295071672e-05
clear,4,4.407179295071672e-05
temperature,4,4.407179295071672e-05
teenager,4,4.407179295071672e-05
bunch,4,4.407179295071672e-05
story,4,4.407179295071672e-05
named,4,4.407179295071672e-05
watched,4,4.407179295071672e-05
whatever,4,4.407179295071672e-05
alright,4,4.407179295071672e-05
address,4,4.407179295071672e-05
posted,4,4.407179295071672e-05
shocked,4,4.407179295071672e-05
answer,4,4.407179295071672e-05
west,4,4.407179295071672e-05
anytime,4,4.407179295071672e-05
attention,4,4.407179295071672e-05
meantime,4,4.407179295071672e-05
awful,4,4.407179295071672e-05
tax,4,4.407179295071672e-05
comparison,4,4.407179295071672e-05
honors,4,4.407179295071672e-05
receive,4,4.407179295071672e-05
tremendous,4,4.407179295071672e-05
passes,4,4.407179295071672e-05
expecting,4,4.407179295071672e-05
downside,4,4.407179295071672e-05
ie,4,4.407179295071672e-05
finding,4,4.407179295071672e-05
snacks,4,4.407179295071672e-05
cabs,4,4.407179295071672e-05
attendant,4,4.407179295071672e-05
ample,4,4.407179295071672e-05
alley,4,4.407179295071672e-05
incompetent,4,4.407179295071672e-05
ran,4,4.407179295071672e-05
streets,4,4.407179295071672e-05
newer,4,4.407179295071672e-05
department,4,4.407179295071672e-05
capacity,4,4.407179295071672e-05
hung,4,4.407179295071672e-05
martini,4,4.407179295071672e-05
worried,4,4.407179295071672e-05
strong,4,4.407179295071672e-05
toast,4,4.407179295071672e-05
painted,4,4.407179295071672e-05
odd,4,4.407179295071672e-05
noon,4,4.407179295071672e-05
gross,4,4.407179295071672e-05
respond,4,4.407179295071672e-05
reach,4,4.407179295071672e-05
overlooking,4,4.407179295071672e-05
disapointed,4,4.407179295071672e-05
events,4,4.407179295071672e-05
tourist,4,4.407179295071672e-05
continue,4,4.407179295071672e-05
dust,4,4.407179295071672e-05
serve,4,4.407179295071672e-05
insult,4,4.407179295071672e-05
well-appointed,4,4.407179295071672e-05
game,4,4.407179295071672e-05
attempted,4,4.407179295071672e-05
equipment,4,4.407179295071672e-05
outdated,4,4.407179295071672e-05
chance,4,4.407179295071672e-05
p.s,4,4.407179295071672e-05
tucked,4,4.407179295071672e-05
typical,4,4.407179295071672e-05
dirt,4,4.407179295071672e-05
covers,4,4.407179295071672e-05
trump,4,4.407179295071672e-05
truth,4,4.407179295071672e-05
occasions,4,4.407179295071672e-05
budget,4,4.407179295071672e-05
explain,4,4.407179295071672e-05
final,4,4.407179295071672e-05
seven,4,4.407179295071672e-05
road,4,4.407179295071672e-05
pizza,4,4.407179295071672e-05
strongly,4,4.407179295071672e-05
tough,4,4.407179295071672e-05
suppose,4,4.407179295071672e-05
],4,4.407179295071672e-05
travelling,4,4.407179295071672e-05
sun,4,4.407179295071672e-05
terrace,4,4.407179295071672e-05
tribune,4,4.407179295071672e-05
multiple,4,4.407179295071672e-05
zest,4,4.407179295071672e-05
cheerful,4,4.407179295071672e-05
share,4,4.407179295071672e-05
child,4,4.407179295071672e-05
stylish,4,4.407179295071672e-05
parents,4,4.407179295071672e-05
learned,4,4.407179295071672e-05
workers,4,4.407179295071672e-05
exceptionally,4,4.407179295071672e-05
cases,4,4.407179295071672e-05
bowl,4,4.407179295071672e-05
assured,4,4.407179295071672e-05
promptly,4,4.407179295071672e-05
stain,4,4.407179295071672e-05
refrigerator,4,4.407179295071672e-05
operator,4,4.407179295071672e-05
taxes,4,4.407179295071672e-05
school,4,4.407179295071672e-05
snack,4,4.407179295071672e-05
rooftop,4,4.407179295071672e-05
pre-paid,4,4.407179295071672e-05
hrs,4,4.407179295071672e-05
agent,4,4.407179295071672e-05
ceiling,4,4.407179295071672e-05
single,4,4.407179295071672e-05
[,4,4.407179295071672e-05
crowded,4,4.407179295071672e-05
concert,4,4.407179295071672e-05
smiling,4,4.407179295071672e-05
in-laws,4,4.407179295071672e-05
cards,4,4.407179295071672e-05
facilities,4,4.407179295071672e-05
mostly,4,4.407179295071672e-05
orange,4,4.407179295071672e-05
blown,4,4.407179295071672e-05
remember,4,4.407179295071672e-05
spoke,4,4.407179295071672e-05
keys,4,4.407179295071672e-05
laid,4,4.407179295071672e-05
local,4,4.407179295071672e-05
monday,4,4.407179295071672e-05
choices,4,4.407179295071672e-05
stark,4,4.407179295071672e-05
attractive,4,4.407179295071672e-05
paint,4,4.407179295071672e-05
rental,4,4.407179295071672e-05
november,4,4.407179295071672e-05
kitty,4,4.407179295071672e-05
noted,4,4.407179295071672e-05
immaculate,4,4.407179295071672e-05
constant,4,4.407179295071672e-05
ourselves,4,4.407179295071672e-05
unhelpful,4,4.407179295071672e-05
-the,4,4.407179295071672e-05
sense,4,4.407179295071672e-05
amount,4,4.407179295071672e-05
homeless,4,4.407179295071672e-05
whatsoever,4,4.407179295071672e-05
entering,4,4.407179295071672e-05
representative,4,4.407179295071672e-05
types,4,4.407179295071672e-05
guys,4,4.407179295071672e-05
blues,4,4.407179295071672e-05
required,4,4.407179295071672e-05
yelling,4,4.407179295071672e-05
pet,4,4.407179295071672e-05
connected,4,4.407179295071672e-05
locations,4,4.407179295071672e-05
honestly,4,4.407179295071672e-05
wants,4,4.407179295071672e-05
somehow,4,4.407179295071672e-05
children,4,4.407179295071672e-05
exposed,4,4.407179295071672e-05
present,4,4.407179295071672e-05
memorial,4,4.407179295071672e-05
credits,4,4.407179295071672e-05
training,4,4.407179295071672e-05
highlight,4,4.407179295071672e-05
breads,4,4.407179295071672e-05
shut,4,4.407179295071672e-05
mean,4,4.407179295071672e-05
track,4,4.407179295071672e-05
mark,4,4.407179295071672e-05
provide,4,4.407179295071672e-05
tickets,4,4.407179295071672e-05
gem,4,4.407179295071672e-05
affina,4,4.407179295071672e-05
treadmill,4,4.407179295071672e-05
mother,4,4.407179295071672e-05
considered,4,4.407179295071672e-05
field,4,4.407179295071672e-05
movie,4,4.407179295071672e-05
teenage,4,4.407179295071672e-05
unfriendly,4,4.407179295071672e-05
cookie,4,4.407179295071672e-05
throw,4,4.407179295071672e-05
talbot,4,4.407179295071672e-05
claimed,4,4.407179295071672e-05
dozen,4,4.407179295071672e-05
pulled,4,4.407179295071672e-05
allow,4,4.407179295071672e-05
effort,4,4.407179295071672e-05
neither,4,4.407179295071672e-05
unprofessional,4,4.407179295071672e-05
bag,4,4.407179295071672e-05
.i,4,4.407179295071672e-05
